{"cameraMode":{"drawMode":0,"name":"Shaded","section":"Shading Mode"},"sceneLighting":false,"audioPlay":false,"sceneViewState":{"showFog":true,"showMaterialUpdate":false,"showSkybox":false,"showFlares":true,"showImageEffects":true,"showParticleSystems":true},"in2DMode":false,"pivot":{"x":-6.15740966796875,"y":-2.93017578125,"z":5.7236328125},"rotation":{"x":0.10628308355808258,"y":-0.017896397039294244,"z":0.0019160691881552339,"w":0.9941891431808472},"size":7.602682590484619,"orthographic":true}