{"cameraMode":{"drawMode":0,"name":"Shaded","section":"Shading Mode"},"sceneLighting":false,"audioPlay":false,"sceneViewState":{"showFog":true,"showMaterialUpdate":false,"showSkybox":false,"showFlares":true,"showImageEffects":true,"showParticleSystems":true},"in2DMode":false,"pivot":{"x":-95.27100372314453,"y":1.7339999675750733,"z":0.20499999821186067},"rotation":{"x":0.10406731069087982,"y":0.08276110887527466,"z":-0.0066030435264110569,"w":0.9924224019050598},"size":2.4371390342712404,"orthographic":false}