{"cameraMode":{"drawMode":0,"name":"Shaded","section":"Shading Mode"},"sceneLighting":true,"audioPlay":false,"sceneViewState":{"showFog":true,"showMaterialUpdate":false,"showSkybox":true,"showFlares":true,"showImageEffects":true,"showParticleSystems":true},"in2DMode":false,"pivot":{"x":-49.68140411376953,"y":3.2022740840911867,"z":3.5074868202209474},"rotation":{"x":-0.08717106282711029,"y":-0.0313236303627491,"z":0.002742913318797946,"w":-0.995697021484375},"size":37.811561584472659,"orthographic":false}